1,アフリカ.jpg
2,ele.png
3,frog.jpg
4,frog.jpg
5,アフリカ.jpg
6,アフリカ.jpg
7,アフリカ.jpg
8,アフリカ.jpg
9,アフリカ.jpg
10,アフリカ.jpg
11,アフリカ.jpg
12,アフリカ.jpg
13,アフリカ.jpg
14,sdlogo.png
15,goria1.jpeg
16,sango.jpg
17,gomi.jpg
18,zinriki.jpg
19,koyousien.jpg
20,zinbee.jpg
21,okozyo.jpeg
22,eikaiwa.jpg
23,ressapanda.jpg
24,syokurin.jpg
25,jugan.jpeg
26,jugan.jpeg
27,Co2.jpg
28,Co2.jpg
29,Co2.jpg
30,kodomozyuku.jpg
31,kodomozyuku.jpg
32,kodomozyuku.jpg
33,kodomozyuku.jpg
34,kodomozyuku.jpg
35,koaraUcal.jpg
36,koaraUcal.jpg
37,elefunt.jpg
38,garou.jpg
39,komugibatake.jpg
40,urushi.jpg
41,ancolwat.jpg
42,woodhovie.jpg
43,kouenkai.jpg
44,zyuku.jpg
45,color.jpeg
46,takidashi.jpg
47,reve.jpg
48,prastic.jpg
49,tigerkizzu.jpg
50,kodomopuro.jpg
51,gomihiroi.jpg
52,doubutuen.jpg
53,doubutuen.jpg
